1,,2|2|2|2|2|2|0|2|2
2,,2|2|2|2|2|2|0|2|2
3,,2|2|2|2|2|2|0|2|2
4,,2|2|2|2|2|2|0|2|2
5,,2|2|2|2|2|2|0|2|2
6,,2|2|2|2|2|2|0|2|2
7,,2|2|2|2|2|2|0|2|2
8,,2|2|2|2|2|2|0|2|2
9,,2|2|2|2|2|2|0|2|2
10,,2|2|2|2|2|1|0|0|0
11,,2|2|2|2|2|1|0|0|0
12,,2|2|2|2|2|1|0|0|0
13,,2|2|0|0|1|2|0|0|0
14,,2|2|0|0|1|2|0|0|0
15,,2|2|0|0|1|2|0|0|0
16,,2|2|0|0|2|2|0|0|0
17,,2|2|0|0|2|2|0|0|0
18,,2|2|0|0|2|2|0|0|0
19,,2|2|0|0|2|2|0|0|0
19,Alola,2|2|0|0|0|0|0|0|0
20,,2|2|0|0|2|2|0|0|0
20,Alola,2|2|0|0|0|0|0|0|0
21,,2|2|0|0|2|2|0|0|0
22,,2|2|0|0|2|2|0|0|0
23,,1|2|0|0|2|1|0|2|2
24,,1|2|0|0|2|1|0|2|2
25,,2|2|2|2|2|2|2|2|2
26,,2|2|2|2|2|2|2|2|2
26,Alola,2|2|2|2|0|0|0|1|1
27,,2|1|2|2|1|2|0|2|2
27,Alola,2|1|2|2|0|0|0|1|2
28,,2|1|2|2|1|2|0|2|2
28,Alola,2|1|2|2|0|0|0|1|2
29,,2|2|2|2|2|2|0|0|0
30,,2|2|2|2|2|2|0|0|0
31,,2|2|2|2|2|2|0|0|0
32,,2|2|2|2|2|2|0|0|0
33,,2|2|2|2|2|2|0|0|0
34,,2|2|2|2|2|2|0|0|0
35,,2|2|2|2|2|2|2|2|2
36,,2|2|2|2|2|2|2|2|2
37,,1|2|2|2|1|2|2|2|2
37,Alola,1|2|2|2|0|0|2|2|1
38,,1|2|2|2|1|2|2|2|2
38,Alola,1|2|2|2|0|0|2|2|1
39,,2|2|2|2|2|2|0|2|2
40,,2|2|2|2|2|2|0|2|2
41,,2|2|2|2|2|2|2|0|0
42,,2|2|2|2|2|2|2|0|0
43,,2|1|2|2|2|2|0|2|2
44,,2|1|2|2|2|2|0|2|2
45,,2|1|2|2|2|2|0|2|2
46,,2|2|0|0|2|2|2|0|0
47,,2|2|0|0|2|2|2|0|0
48,,2|2|0|0|2|2|0|2|2
49,,2|2|0|0|2|2|0|2|2
50,,2|2|2|2|2|2|0|2|2
50,Alola,2|2|2|2|0|0|0|2|2
51,,2|2|2|2|2|2|0|2|2
51,Alola,2|2|2|2|0|0|0|2|2
52,,1|2|2|2|2|2|0|2|2
52,Alola,1|2|2|2|0|0|0|1|1
52,Galar,0|0|2|2|0|0|0|2|2
53,,2|2|2|2|2|2|0|2|2
53,Alola,1|2|2|2|0|0|0|1|1
54,,2|2|2|2|2|2|2|2|2
55,,2|2|2|2|2|2|2|2|2
56,,2|1|0|0|2|2|0|2|2
57,,2|1|0|0|2|2|0|2|2
58,,2|1|2|2|2|1|0|2|2
58,Hisui,0|0|0|0|0|0|2|2|2
59,,2|2|2|2|2|1|0|2|2
59,Hisui,0|0|0|0|0|0|2|2|2
60,,2|2|2|2|2|2|0|2|2
61,,2|2|2|2|2|2|0|2|2
62,,2|2|2|2|2|2|0|2|2
63,,2|2|2|2|2|2|2|0|0
64,,2|2|2|2|2|2|2|0|0
65,,1|1|2|2|1|1|2|0|0
66,,2|2|2|2|2|2|2|0|0
67,,2|2|2|2|2|2|2|0|0
68,,1|1|2|2|1|1|2|0|0
69,,1|2|0|0|2|2|0|2|2
70,,1|2|0|0|2|2|0|2|2
71,,1|2|0|0|2|2|0|2|2
72,,2|2|2|2|2|2|2|2|2
73,,2|2|2|2|2|2|2|2|2
74,,2|2|0|0|2|2|2|2|2
74,Alola,2|2|0|0|0|0|0|2|2
75,,2|2|0|0|2|2|2|2|2
75,Alola,2|2|0|0|0|0|0|2|2
76,,1|1|0|0|1|1|2|2|2
76,Alola,1|1|0|0|0|0|0|2|2
77,,2|2|1|2|2|2|2|0|0
77,Galar,0|0|1|2|0|0|0|0|0
78,,2|2|1|2|2|2|2|0|0
78,Galar,0|0|1|2|0|0|0|0|0
79,,2|2|2|2|1|2|0|2|2
79,Galar,0|0|2|2|0|0|0|2|2
80,,2|2|2|2|1|2|0|2|2
80,Galar,0|0|2|2|0|0|0|2|2
81,,2|2|2|2|2|2|2|2|2
82,,2|2|2|2|2|2|2|2|2
83,,2|2|2|1|2|2|0|0|0
83,Galar,0|0|2|1|0|0|0|0|0
84,,2|2|0|0|2|2|0|2|2
85,,2|2|0|0|2|2|0|2|2
86,,2|2|0|0|2|1|0|2|2
87,,2|2|0|0|2|1|0|2|2
88,,2|1|0|0|2|2|0|2|2
88,Alola,2|1|0|0|0|0|0|2|2
89,,2|1|0|0|2|2|0|2|2
89,Alola,2|1|0|0|0|0|0|2|2
90,,2|2|2|2|2|2|0|2|2
91,,2|2|2|2|2|2|0|2|2
92,,2|2|2|2|2|2|2|2|2
93,,2|2|2|2|2|2|2|2|2
94,,1|1|2|2|1|1|2|2|2
95,,2|2|2|2|2|2|2|0|0
96,,2|2|0|0|2|2|0|2|2
97,,2|2|0|0|2|2|0|2|2
98,,2|2|2|2|2|2|0|0|0
99,,2|2|2|2|2|2|0|0|0
100,,2|2|0|0|2|2|0|2|2
100,Hisui,0|0|0|0|0|0|2|1|1
101,,2|2|0|0|2|2|0|2|2
101,Hisui,0|0|0|0|0|0|2|1|1
102,,2|2|2|2|2|2|0|2|2
103,,2|2|2|2|2|2|0|2|2
103,Alola,2|2|2|2|0|0|0|2|2
104,,2|2|2|2|2|2|0|0|0
105,,2|2|2|2|2|2|0|0|0
105,Alola,2|2|2|2|0|0|0|0|0
106,,2|2|2|2|2|2|0|2|2
107,,2|2|2|2|2|2|0|2|2
108,,2|2|2|2|2|2|2|0|0
109,,1|2|2|2|2|2|0|2|2
110,,1|2|2|2|2|2|0|2|2
110,Galar,0|0|2|2|0|0|0|1|1
111,,2|2|2|2|2|2|2|2|2
112,,2|2|2|2|2|2|2|2|2
113,,2|2|2|2|2|2|2|2|2
114,,2|2|2|2|2|2|2|0|0
115,,2|2|2|2|2|2|0|0|0
116,,2|2|2|2|2|2|0|2|2
117,,2|2|2|2|2|2|0|2|2
118,,2|2|2|2|2|2|0|0|0
119,,2|2|2|2|2|2|0|0|0
120,,2|2|2|2|2|2|0|0|0
121,,2|2|2|2|2|2|0|0|0
122,,2|2|2|2|2|2|2|0|0
122,Galar,0|0|2|2|0|0|0|0|0
123,,2|1|2|2|2|1|2|2|2
124,,2|2|2|2|2|2|0|0|0
125,,2|2|2|2|2|1|2|2|2
126,,2|2|2|2|1|2|2|2|2
127,,1|2|2|1|1|2|0|0|0
128,,2|2|2|2|2|2|0|2|2
128,Paldea,0|0|0|0|0|0|0|2|2
129,,2|2|2|2|2|2|2|2|2
130,,2|2|2|2|2|2|2|2|2
131,,2|2|2|2|2|2|0|2|2
132,,2|2|2|2|2|2|0|2|2
133,,2|2|2|2|2|2|2|2|2
134,,2|2|2|2|2|2|2|2|2
135,,2|2|2|2|2|2|2|2|2
136,,2|2|2|2|2|2|2|2|2
137,,2|2|2|2|2|2|2|2|2
138,,2|2|2|1|2|2|0|0|0
139,,2|2|2|1|2|2|0|0|0
140,,2|2|1|2|2|2|0|0|0
141,,2|2|1|2|2|2|0|0|0
142,,2|2|2|2|2|2|0|0|0
143,,2|2|2|2|2|2|2|2|2
144,,2|2|2|2|1|2|0|2|2
144,Galar,0|0|2|2|0|0|0|1|1
145,,2|2|2|2|1|2|0|2|2
145,Galar,0|0|2|2|0|0|0|1|1
146,,2|2|2|2|1|2|0|2|2
146,Galar,0|0|2|2|0|0|0|1|1
147,,2|2|2|2|2|2|0|2|2
148,,2|2|2|2|2|2|0|2|2
149,,2|2|2|2|2|2|0|2|2
150,,2|2|2|2|2|2|0|1|1
151,,1|1|1|1|1|1|0|1|1
152,,0|0|0|0|2|2|0|2|2
153,,0|0|0|0|2|2|0|2|2
154,,0|0|0|0|2|2|0|2|2
155,,0|0|0|0|2|2|2|2|2
156,,0|0|0|0|2|2|2|2|2
157,,0|0|0|0|2|2|0|2|2
157,Hisui,0|0|0|0|0|0|2|1|1
158,,0|0|0|0|2|2|0|2|2
159,,0|0|0|0|2|2|0|2|2
160,,0|0|0|0|2|2|0|2|2
161,,0|0|0|0|2|2|0|2|2
162,,0|0|0|0|2|2|0|2|2
163,,0|0|2|2|2|2|0|2|2
164,,0|0|2|2|2|2|0|2|2
165,,0|0|0|0|2|2|0|0|0
166,,0|0|0|0|2|2|0|0|0
167,,0|0|0|0|2|2|0|2|2
168,,0|0|0|0|2|2|0|2|2
169,,0|0|2|2|2|2|2|0|0
170,,0|0|2|2|2|2|0|2|2
171,,0|0|2|2|2|2|0|2|2
172,,0|0|2|2|2|2|2|2|2
173,,0|0|2|2|2|2|2|2|2
174,,0|0|2|2|2|2|0|2|2
175,,0|0|2|2|2|2|2|0|0
176,,0|0|2|2|2|2|2|0|0
177,,0|0|2|2|2|2|0|0|0
178,,0|0|2|2|2|2|0|0|0
179,,0|0|0|0|2|2|0|2|2
180,,0|0|0|0|2|2|0|2|2
181,,0|0|0|0|2|2|0|2|2
182,,0|0|2|2|2|2|0|2|2
183,,0|0|2|2|2|2|0|2|2
184,,0|0|2|2|2|2|0|2|2
185,,0|0|2|2|2|2|2|2|2
186,,0|0|2|2|1|1|0|2|2
187,,0|0|0|0|2|2|0|2|2
188,,0|0|0|0|2|2|0|2|2
189,,0|0|0|0|2|2|0|2|2
190,,0|0|0|0|2|2|2|1|2
191,,0|0|0|0|2|2|0|2|2
192,,0|0|0|0|2|2|0|2|2
193,,0|0|0|0|2|2|2|2|2
194,,0|0|2|2|2|2|0|2|2
194,Paldea,0|0|0|0|0|0|0|2|2
195,,0|0|2|2|2|2|0|2|2
196,,0|0|2|2|2|2|2|2|2
197,,0|0|2|2|2|2|2|2|2
198,,0|0|0|0|2|1|2|2|2
199,,0|0|2|2|1|1|0|2|2
199,Galar,0|0|2|2|0|0|0|2|2
200,,0|0|0|0|1|2|2|1|2
201,,0|0|0|0|2|2|2|0|0
202,,0|0|2|2|2|2|0|0|0
203,,0|0|0|0|2|2|0|2|2
204,,0|0|0|0|2|2|0|2|2
205,,0|0|0|0|2|2|0|2|2
206,,0|0|2|2|2|2|0|2|2
207,,0|0|0|0|2|1|2|2|1
208,,0|0|2|2|2|2|2|0|0
209,,0|0|0|0|2|2|0|2|2
210,,0|0|0|0|2|2|0|2|2
211,,0|0|2|2|2|2|0|2|2
211,Hisui,0|0|0|0|0|0|2|2|2
212,,0|0|2|2|1|1|2|2|2
213,,0|0|2|2|2|2|0|0|0
214,,0|0|1|2|2|2|2|2|2
215,,0|0|2|2|2|2|2|2|2
215,Hisui,0|0|0|0|0|0|2|1|1
216,,0|0|0|0|1|2|2|2|2
217,,0|0|0|0|1|2|2|2|2
218,,0|0|0|0|2|2|0|2|2
219,,0|0|0|0|2|2|0|2|2
220,,0|0|2|2|2|2|2|2|2
221,,0|0|2|2|2|2|2|2|2
222,,0|0|1|2|2|2|0|0|0
222,Galar,0|0|1|2|0|0|0|0|0
223,,0|0|2|2|2|2|2|0|0
224,,0|0|2|2|2|2|2|0|0
225,,0|0|2|2|2|2|0|2|2
226,,0|0|2|2|2|2|2|0|0
227,,0|0|2|2|2|2|0|2|2
228,,0|0|0|0|2|2|0|2|2
229,,0|0|0|0|2|2|0|2|2
230,,0|0|2|2|1|1|0|2|2
231,,0|0|0|0|2|2|0|2|2
232,,0|0|0|0|2|2|0|2|2
233,,0|0|1|1|1|1|2|2|2
234,,0|0|0|0|1|2|2|2|2
235,,0|0|0|0|2|2|0|2|2
236,,0|0|2|2|2|2|0|2|2
237,,0|0|2|2|2|2|0|2|2
238,,0|0|2|2|2|2|0|0|0
239,,0|0|2|2|2|1|2|2|2
240,,0|0|2|2|1|2|2|2|2
241,,0|0|2|2|2|2|0|0|0
242,,0|0|2|2|2|2|2|2|2
243,,0|0|2|2|2|1|0|2|1
244,,0|0|2|2|2|1|0|2|1
245,,0|0|2|2|2|1|0|2|1
246,,0|0|1|2|2|1|0|2|1
247,,0|0|1|2|2|1|0|2|1
248,,0|0|1|2|2|1|0|2|1
249,,0|0|1|2|1|2|0|1|2
250,,0|0|2|1|2|1|0|2|1
251,,0|0|1|1|1|1|0|0|0
252,,0|0|2|2|2|2|0|2|2
253,,0|0|2|2|2|2|0|2|2
254,,0|0|2|2|2|2|0|2|2
255,,0|0|2|2|2|2|0|2|2
256,,0|0|2|2|2|2|0|2|2
257,,0|0|2|2|2|2|0|2|2
258,,0|0|2|2|2|2|0|2|2
259,,0|0|2|2|2|2|0|2|2
260,,0|0|2|2|2|2|0|2|2
261,,0|0|0|0|2|2|0|2|2
262,,0|0|0|0|2|2|0|2|2
263,,0|0|2|2|2|2|0|0|0
263,Galar,0|0|2|2|0|0|0|0|0
264,,0|0|2|2|2|2|0|0|0
264,Galar,0|0|2|2|0|0|0|0|0
265,,0|0|0|0|2|2|2|0|0
266,,0|0|0|0|2|2|2|0|0
267,,0|0|0|0|2|2|2|0|0
268,,0|0|0|0|2|2|2|0|0
269,,0|0|0|0|2|2|2|0|0
270,,0|0|1|2|1|2|0|2|2
271,,0|0|1|2|1|2|0|2|2
272,,0|0|1|2|1|2|0|2|2
273,,0|0|2|1|2|1|0|2|2
274,,0|0|2|1|2|1|0|2|2
275,,0|0|2|1|2|1|0|2|2
276,,0|0|0|0|2|2|0|0|0
277,,0|0|0|0|2|2|0|0|0
278,,0|0|2|2|2|2|0|2|2
279,,0|0|2|2|2|2|0|2|2
280,,0|0|2|2|2|2|2|2|2
281,,0|0|2|2|2|2|2|2|2
282,,0|0|2|2|2|2|2|2|2
283,,0|0|0|0|2|2|0|2|2
284,,0|0|0|0|2|2|0|2|2
285,,0|0|0|0|2|2|0|2|2
286,,0|0|0|0|2|2|0|2|2
287,,0|0|0|0|2|2|0|2|2
288,,0|0|0|0|2|2|0|2|2
289,,0|0|0|0|2|2|0|2|2
290,,0|0|2|2|2|2|0|0|0
291,,0|0|2|2|2|2|0|0|0
292,,0|0|2|2|2|2|0|0|0
293,,0|0|2|2|2|2|0|0|0
294,,0|0|2|2|2|2|0|0|0
295,,0|0|2|2|2|2|0|0|0
296,,0|0|0|0|2|2|0|2|2
297,,0|0|0|0|2|2|0|2|2
298,,0|0|2|2|2|2|0|2|2
299,,0|0|0|0|2|2|2|2|2
300,,0|0|0|0|2|2|0|0|0
301,,0|0|0|0|2|2|0|0|0
302,,0|0|1|2|1|2|0|2|2
303,,0|0|2|1|2|1|0|0|0
304,,0|0|2|2|2|2|0|0|0
305,,0|0|2|2|2|2|0|0|0
306,,0|0|2|2|2|2|0|0|0
307,,0|0|0|0|2|2|0|2|2
308,,0|0|0|0|2|2|0|2|2
309,,0|0|2|2|2|2|0|0|0
310,,0|0|2|2|2|2|0|0|0
311,,0|0|0|0|2|2|0|2|2
312,,0|0|0|0|2|2|0|2|2
313,,0|0|0|0|2|2|0|2|2
314,,0|0|0|0|2|2|0|2|2
315,,0|0|2|2|2|2|2|0|0
316,,0|0|0|0|2|2|0|1|2
317,,0|0|0|0|2|2|0|1|2
318,,0|0|2|2|2|2|0|0|0
319,,0|0|2|2|2|2|0|0|0
320,,0|0|2|2|2|2|0|0|0
321,,0|0|2|2|2|2|0|0|0
322,,0|0|0|0|2|2|0|2|2
323,,0|0|0|0|2|2|0|2|2
324,,0|0|2|2|2|2|0|2|2
325,,0|0|0|0|2|2|0|2|2
326,,0|0|0|0|2|2|0|2|2
327,,0|0|0|0|2|2|0|0|0
328,,0|0|2|2|2|2|0|2|2
329,,0|0|2|2|2|2|0|2|2
330,,0|0|2|2|2|2|0|2|2
331,,0|0|0|0|2|2|0|2|2
332,,0|0|0|0|2|2|0|2|2
333,,0|0|2|2|2|2|0|2|2
334,,0|0|2|2|2|2|0|2|2
335,,0|0|0|0|2|1|0|2|2
336,,0|0|0|0|1|2|0|2|2
337,,0|0|1|2|1|2|0|0|0
338,,0|0|2|1|2|1|0|0|0
339,,0|0|2|2|2|2|2|2|2
340,,0|0|2|2|2|2|2|2|2
341,,0|0|2|2|2|2|0|2|2
342,,0|0|2|2|2|2|0|2|2
343,,0|0|2|2|2|2|0|0|0
344,,0|0|2|2|2|2|0|0|0
345,,0|0|2|2|2|2|0|0|0
346,,0|0|2|2|2|2|0|0|0
347,,0|0|2|2|2|2|0|0|0
348,,0|0|2|2|2|2|0|0|0
349,,0|0|2|2|2|2|0|2|2
350,,0|0|2|2|2|2|0|2|2
351,,0|0|0|0|2|2|0|0|0
352,,0|0|0|0|2|1|0|0|0
353,,0|0|0|0|2|2|0|2|2
354,,0|0|0|0|2|2|0|2|2
355,,0|0|2|2|2|2|2|2|2
356,,0|0|2|2|2|2|2|2|2
357,,0|0|0|0|2|2|0|2|2
358,,0|0|0|0|2|2|2|2|2
359,,0|0|2|2|2|2|0|0|0
360,,0|0|2|2|2|2|0|0|0
361,,0|0|2|2|2|2|2|2|2
362,,0|0|2|2|2|2|2|2|2
363,,0|0|2|2|2|2|2|0|0
364,,0|0|2|2|2|2|2|0|0
365,,0|0|2|2|2|2|2|0|0
366,,0|0|0|0|2|2|0|0|0
367,,0|0|0|0|1|1|0|0|0
368,,0|0|0|0|1|1|0|0|0
369,,0|0|2|2|2|2|0|0|0
370,,0|0|0|0|2|2|0|2|2
371,,0|0|2|1|1|2|0|1|2
372,,0|0|2|1|1|2|0|1|2
373,,0|0|2|1|1|2|0|1|2
374,,0|0|2|2|2|2|0|2|2
375,,0|0|2|2|2|2|0|2|2
376,,0|0|2|2|2|2|0|2|2
377,,0|0|2|2|2|2|0|1|1
378,,0|0|2|2|2|2|0|1|1
379,,0|0|2|2|2|2|0|1|1
380,,0|0|1|2|2|2|0|1|2
381,,0|0|2|1|2|2|0|2|1
382,,0|0|1|2|2|2|0|1|2
383,,0|0|2|1|2|2|0|2|1
384,,0|0|2|2|2|2|0|1|1
385,,0|0|1|1|1|1|0|1|1
386,,0|0|0|0|1|1|0|1|1
387,,0|0|0|0|2|2|2|2|2
388,,0|0|0|0|2|2|2|2|2
389,,0|0|0|0|2|2|2|2|2
390,,0|0|0|0|2|2|2|2|2
391,,0|0|0|0|2|2|2|2|2
392,,0|0|0|0|2|2|2|2|2
393,,0|0|0|0|2|2|2|2|2
394,,0|0|0|0|2|2|2|2|2
395,,0|0|0|0|2|2|2|2|2
396,,0|0|0|0|2|2|2|2|2
397,,0|0|0|0|2|2|2|2|2
398,,0|0|0|0|2|2|2|2|2
399,,0|0|0|0|2|2|2|0|0
400,,0|0|0|0|2|2|2|0|0
401,,0|0|0|0|2|2|2|2|2
402,,0|0|0|0|2|2|2|2|2
403,,0|0|2|2|2|2|2|2|2
404,,0|0|2|2|2|2|2|2|2
405,,0|0|2|2|2|2|2|2|2
406,,0|0|2|2|2|2|2|0|0
407,,0|0|2|2|2|2|2|0|0
408,,0|0|0|0|2|1|2|2|1
409,,0|0|0|0|2|1|2|2|1
410,,0|0|0|0|1|2|2|1|2
411,,0|0|0|0|1|2|2|1|2
412,,0|0|0|0|2|2|2|0|0
413,,0|0|0|0|2|2|2|0|0
414,,0|0|0|0|2|2|2|0|0
415,,0|0|2|2|2|2|2|2|2
416,,0|0|2|2|2|2|2|2|2
417,,0|0|0|0|2|2|2|2|2
418,,0|0|0|0|2|2|2|2|2
419,,0|0|0|0|2|2|2|2|2
420,,0|0|2|2|2|2|2|0|0
421,,0|0|2|2|2|2|2|0|0
422,,0|0|2|2|2|2|2|2|2
423,,0|0|2|2|2|2|2|2|2
424,,0|0|0|0|2|2|2|1|2
425,,0|0|2|2|2|2|2|2|1
426,,0|0|2|2|2|2|2|2|1
427,,0|0|2|2|2|2|2|0|0
428,,0|0|2|2|2|2|2|0|0
429,,0|0|0|0|1|2|2|1|2
430,,0|0|0|0|2|1|2|2|2
431,,0|0|0|0|1|2|2|0|0
432,,0|0|0|0|1|2|2|0|0
433,,0|0|0|0|2|2|2|2|2
434,,0|0|2|2|2|1|2|2|1
435,,0|0|2|2|2|1|2|2|1
436,,0|0|2|2|2|2|2|2|2
437,,0|0|2|2|2|2|2|2|2
438,,0|0|2|2|2|2|2|2|2
439,,0|0|2|2|2|2|2|0|0
440,,0|0|2|2|2|2|2|2|2
441,,0|0|0|0|2|2|2|0|0
442,,0|0|1|1|2|2|2|2|2
443,,0|0|1|2|2|2|2|2|2
444,,0|0|1|2|2|2|2|2|2
445,,0|0|1|2|2|2|2|2|2
446,,0|0|2|2|2|2|2|2|2
447,,0|0|2|2|2|2|2|2|2
448,,0|0|2|2|2|2|2|2|2
449,,0|0|2|2|2|2|2|2|2
450,,0|0|2|2|2|2|2|2|2
451,,0|0|2|2|2|2|2|0|0
452,,0|0|2|2|2|2|2|0|0
453,,0|0|1|2|2|2|2|2|2
454,,0|0|1|2|2|2|2|2|2
455,,0|0|0|0|2|2|2|0|0
456,,0|0|0|0|2|2|2|2|2
457,,0|0|0|0|2|2|2|2|2
458,,0|0|2|2|2|2|2|0|0
459,,0|0|2|2|2|2|2|2|2
460,,0|0|2|2|2|2|2|2|2
461,,0|0|2|2|2|2|2|2|2
462,,0|0|2|2|2|2|2|2|2
463,,0|0|2|2|2|2|2|0|0
464,,0|0|2|2|1|1|2|2|2
465,,0|0|2|2|2|2|2|0|0
466,,0|0|2|2|1|1|2|2|2
467,,0|0|2|2|1|1|2|2|2
468,,0|0|2|2|2|2|2|0|0
469,,0|0|0|0|2|2|2|2|2
470,,0|0|2|2|2|2|2|2|2
471,,0|0|2|2|2|2|2|2|2
472,,0|0|0|0|2|1|2|2|1
473,,0|0|2|2|2|2|2|2|2
474,,0|0|1|1|1|1|2|2|2
475,,0|0|2|2|2|2|2|2|2
476,,0|0|0|0|2|2|2|2|2
477,,0|0|2|2|1|1|2|2|2
478,,0|0|2|2|2|2|2|2|2
479,,0|0|2|2|2|2|2|2|2
480,,0|0|2|2|2|2|2|1|1
481,,0|0|2|2|2|2|2|1|1
482,,0|0|2|2|2|2|2|1|1
483,,0|0|2|1|2|1|2|1|1
484,,0|0|1|2|1|2|2|1|1
485,,0|0|2|2|2|2|2|1|1
486,,0|0|1|1|2|2|2|1|1
487,,0|0|2|2|2|2|2|1|1
488,,0|0|2|2|2|2|2|1|1
489,,0|0|0|0|1|1|2|1|1
490,,0|0|0|0|1|1|2|1|1
491,,0|0|0|0|1|1|1|1|1
492,,0|0|0|0|1|1|1|1|1
493,,0|0|0|0|1|1|2|1|1
494,,0|0|1|1|0|0|0|0|0
495,,0|0|0|0|0|0|0|2|2
496,,0|0|0|0|0|0|0|2|2
497,,0|0|0|0|0|0|0|2|2
498,,0|0|0|0|0|0|0|2|2
499,,0|0|0|0|0|0|0|2|2
500,,0|0|0|0|0|0|0|2|2
501,,0|0|0|0|0|0|2|2|2
502,,0|0|0|0|0|0|2|2|2
503,,0|0|0|0|0|0|0|2|2
503,Hisui,0|0|0|0|0|0|2|1|1
504,,0|0|0|0|0|0|0|0|0
505,,0|0|0|0|0|0|0|0|0
506,,0|0|2|2|0|0|0|0|0
507,,0|0|2|2|0|0|0|0|0
508,,0|0|2|2|0|0|0|0|0
509,,0|0|2|2|0|0|0|0|0
510,,0|0|2|2|0|0|0|0|0
511,,0|0|0|0|0|0|0|0|0
512,,0|0|0|0|0|0|0|0|0
513,,0|0|0|0|0|0|0|0|0
514,,0|0|0|0|0|0|0|0|0
515,,0|0|0|0|0|0|0|0|0
516,,0|0|0|0|0|0|0|0|0
517,,0|0|2|2|0|0|0|0|0
518,,0|0|2|2|0|0|0|0|0
519,,0|0|2|2|0|0|0|0|0
520,,0|0|2|2|0|0|0|0|0
521,,0|0|2|2|0|0|0|0|0
522,,0|0|0|0|0|0|0|2|2
523,,0|0|0|0|0|0|0|2|2
524,,0|0|2|2|0|0|0|0|0
525,,0|0|2|2|0|0|0|0|0
526,,0|0|2|2|0|0|0|0|0
527,,0|0|2|2|0|0|0|0|0
528,,0|0|2|2|0|0|0|0|0
529,,0|0|2|2|0|0|0|2|2
530,,0|0|2|2|0|0|0|2|2
531,,0|0|2|2|0|0|0|0|0
532,,0|0|2|2|0|0|0|2|2
533,,0|0|2|2|0|0|0|2|2
534,,0|0|2|2|0|0|0|2|2
535,,0|0|2|2|0|0|0|0|0
536,,0|0|2|2|0|0|0|0|0
537,,0|0|2|2|0|0|0|0|0
538,,0|0|2|2|0|0|0|0|0
539,,0|0|2|2|0|0|0|0|0
540,,0|0|0|0|0|0|0|2|2
541,,0|0|0|0|0|0|0|2|2
542,,0|0|0|0|0|0|0|2|2
543,,0|0|2|2|0|0|0|0|0
544,,0|0|2|2|0|0|0|0|0
545,,0|0|2|2|0|0|0|0|0
546,,0|0|2|2|0|0|0|2|2
547,,0|0|2|2|0|0|0|2|2
548,,0|0|2|2|0|0|2|2|2
549,,0|0|2|2|0|0|0|2|2
549,Hisui,0|0|0|0|0|0|2|1|1
550,,0|0|2|2|0|0|2|2|2
551,,0|0|2|2|0|0|0|2|2
552,,0|0|2|2|0|0|0|2|2
553,,0|0|2|2|0|0|0|2|2
554,,0|0|2|1|0|0|0|0|0
554,Galar,0|0|2|1|0|0|0|0|0
555,,0|0|2|1|0|0|0|0|0
555,Galar,0|0|2|1|0|0|0|0|0
556,,0|0|2|2|0|0|0|0|0
557,,0|0|2|2|0|0|0|0|0
558,,0|0|2|2|0|0|0|0|0
559,,0|0|2|1|0|0|0|2|2
560,,0|0|2|1|0|0|0|2|2
561,,0|0|2|2|0|0|0|0|0
562,,0|0|2|2|0|0|0|0|0
562,Galar,0|0|2|2|0|0|0|0|0
563,,0|0|2|2|0|0|0|0|0
564,,0|0|2|2|0|0|0|0|0
565,,0|0|2|2|0|0|0|0|0
566,,0|0|2|2|0|0|0|0|0
567,,0|0|2|2|0|0|0|0|0
568,,0|0|2|2|0|0|0|0|0
569,,0|0|2|2|0|0|0|0|0
570,,0|0|2|2|0|0|0|2|2
570,Hisui,0|0|0|0|0|0|2|1|1
571,,0|0|2|2|0|0|0|2|2
571,Hisui,0|0|0|0|0|0|2|1|1
572,,0|0|2|2|0|0|0|2|2
573,,0|0|2|2|0|0|0|2|2
574,,0|0|2|1|0|0|0|2|2
575,,0|0|2|1|0|0|0|2|2
576,,0|0|2|1|0|0|0|2|2
577,,0|0|1|2|0|0|0|2|2
578,,0|0|1|2|0|0|0|2|2
579,,0|0|1|2|0|0|0|2|2
580,,0|0|0|0|0|0|0|2|2
581,,0|0|0|0|0|0|0|2|2
582,,0|0|2|2|0|0|0|0|0
583,,0|0|2|2|0|0|0|0|0
584,,0|0|2|2|0|0|0|0|0
585,,0|0|0|0|0|0|0|2|2
586,,0|0|0|0|0|0|0|2|2
587,,0|0|2|2|0|0|0|0|0
588,,0|0|2|2|0|0|0|0|0
589,,0|0|2|2|0|0|0|0|0
590,,0|0|2|2|0|0|0|2|2
591,,0|0|2|2|0|0|0|2|2
592,,0|0|2|2|0|0|0|0|0
593,,0|0|2|2|0|0|0|0|0
594,,0|0|0|0|0|0|0|2|2
595,,0|0|2|2|0|0|0|2|2
596,,0|0|2|2|0|0|0|2|2
597,,0|0|2|2|0|0|0|0|0
598,,0|0|2|2|0|0|0|0|0
599,,0|0|2|2|0|0|0|0|0
600,,0|0|2|2|0|0|0|0|0
601,,0|0|2|2|0|0|0|0|0
602,,0|0|0|0|0|0|0|2|2
603,,0|0|0|0|0|0|0|2|2
604,,0|0|0|0|0|0|0|2|2
605,,0|0|2|2|0|0|0|0|0
606,,0|0|2|2|0|0|0|0|0
607,,0|0|2|2|0|0|0|2|2
608,,0|0|2|2|0|0|0|2|2
609,,0|0|2|2|0|0|0|2|2
610,,0|0|2|2|0|0|0|2|2
611,,0|0|2|2|0|0|0|2|2
612,,0|0|2|2|0|0|0|2|2
613,,0|0|2|2|0|0|0|2|2
614,,0|0|2|2|0|0|0|2|2
615,,0|0|2|2|0|0|0|2|2
616,,0|0|2|2|0|0|0|0|0
617,,0|0|2|2|0|0|0|0|0
618,,0|0|2|2|0|0|0|0|0
618,Galar,0|0|2|2|0|0|0|0|0
619,,0|0|2|2|0|0|0|2|2
620,,0|0|2|2|0|0|0|2|2
621,,0|0|2|2|0|0|0|0|0
622,,0|0|2|2|0|0|0|2|2
623,,0|0|2|2|0|0|0|2|2
624,,0|0|2|2|0|0|0|2|2
625,,0|0|2|2|0|0|0|2|2
626,,0|0|2|2|0|0|0|0|0
627,,0|0|2|1|0|0|2|2|2
628,,0|0|2|1|0|0|0|2|2
628,Hisui,0|0|0|0|0|0|2|1|1
629,,0|0|1|2|0|0|0|2|2
630,,0|0|1|2|0|0|0|2|2
631,,0|0|2|2|0|0|0|0|0
632,,0|0|2|2|0|0|0|0|0
633,,0|0|2|1|0|0|0|2|1
634,,0|0|2|1|0|0|0|2|1
635,,0|0|2|1|0|0|0|2|1
636,,0|0|2|2|0|0|0|2|2
637,,0|0|2|2|0|0|0|2|2
638,,0|0|2|2|0|0|0|1|2
639,,0|0|2|2|0|0|0|1|2
640,,0|0|2|2|0|0|0|1|2
641,,0|0|2|1|0|0|2|1|1
642,,0|0|1|2|0|0|2|1|1
643,,0|0|2|1|0|0|0|2|1
644,,0|0|1|2|0|0|0|1|2
645,,0|0|2|2|0|0|2|1|1
646,,0|0|2|2|0|0|0|1|1
647,,0|0|2|2|0|0|0|1|1
648,,0|0|0|0|0|0|0|2|2
649,,0|0|1|1|0|0|0|0|0
650,,0|0|0|0|0|0|0|2|2
651,,0|0|0|0|0|0|0|2|2
652,,0|0|0|0|0|0|0|2|2
653,,0|0|0|0|0|0|0|2|2
654,,0|0|0|0|0|0|0|2|2
655,,0|0|0|0|0|0|0|2|2
656,,0|0|0|0|0|0|0|2|2
657,,0|0|0|0|0|0|0|2|2
658,,0|0|0|0|0|0|0|2|2
659,,0|0|2|2|0|0|0|0|0
660,,0|0|2|2|0|0|0|0|0
661,,0|0|2|2|0|0|0|2|2
662,,0|0|2|2|0|0|0|2|2
663,,0|0|2|2|0|0|0|2|2
664,,0|0|0|0|0|0|0|2|2
665,,0|0|0|0|0|0|0|2|2
666,,0|0|0|0|0|0|0|2|2
667,,0|0|0|0|0|0|0|2|2
668,,0|0|0|0|0|0|0|2|2
669,,0|0|0|0|0|0|0|2|2
670,,0|0|0|0|0|0|0|2|2
671,,0|0|0|0|0|0|0|2|2
672,,0|0|0|0|0|0|0|2|2
673,,0|0|0|0|0|0|0|2|2
674,,0|0|2|2|0|0|0|0|0
675,,0|0|2|2|0|0|0|0|0
676,,0|0|0|0|0|0|0|0|0
677,,0|0|2|2|0|0|0|2|2
678,,0|0|2|2|0|0|0|2|2
679,,0|0|2|2|0|0|0|0|0
680,,0|0|2|2|0|0|0|0|0
681,,0|0|2|2|0|0|0|0|0
682,,0|0|1|2|0|0|0|0|0
683,,0|0|1|2|0|0|0|0|0
684,,0|0|2|1|0|0|0|0|0
685,,0|0|2|1|0|0|0|0|0
686,,0|0|2|2|0|0|0|2|2
687,,0|0|2|2|0|0|0|2|2
688,,0|0|2|2|0|0|0|0|0
689,,0|0|2|2|0|0|0|0|0
690,,0|0|1|2|0|0|0|2|1
691,,0|0|1|2|0|0|0|2|1
692,,0|0|2|1|0|0|0|1|2
693,,0|0|2|1|0|0|0|1|2
694,,0|0|2|2|0|0|0|0|0
695,,0|0|2|2|0|0|0|0|0
696,,0|0|2|2|0|0|0|0|0
697,,0|0|2|2|0|0|0|0|0
698,,0|0|2|2|0|0|0|0|0
699,,0|0|2|2|0|0|0|0|0
700,,0|0|2|2|0|0|2|2|2
701,,0|0|2|2|0|0|0|2|2
702,,0|0|2|2|0|0|0|2|2
703,,0|0|2|2|0|0|0|2|2
704,,0|0|1|2|0|0|2|2|2
705,,0|0|1|2|0|0|0|2|2
705,Hisui,0|0|0|0|0|0|2|1|1
706,,0|0|1|2|0|0|0|2|2
706,Hisui,0|0|0|0|0|0|2|1|1
707,,0|0|2|2|0|0|0|2|2
708,,0|0|2|2|0|0|0|2|2
709,,0|0|2|2|0|0|0|2|2
710,,0|0|2|2|0|0|0|0|0
711,,0|0|2|2|0|0|0|0|0
712,,0|0|2|2|0|0|2|2|2
713,,0|0|2|2|0|0|0|2|2
713,Hisui,0|0|0|0|0|0|2|1|1
714,,0|0|2|2|0|0|0|2|2
715,,0|0|2|2|0|0|0|2|2
716,,0|0|2|1|0|0|0|0|0
717,,0|0|1|2|0|0|0|0|0
718,,0|0|2|2|0|0|0|0|0
719,,0|0|1|1|0|0|0|1|1
720,,0|0|0|0|0|0|0|1|1
721,,0|0|1|1|0|0|0|1|1
722,,0|0|2|2|0|0|2|2|2
723,,0|0|2|2|0|0|2|2|2
724,,0|0|2|2|0|0|0|2|2
724,Hisui,0|0|0|0|0|0|2|1|1
725,,0|0|2|2|0|0|0|2|2
726,,0|0|2|2|0|0|0|2|2
727,,0|0|2|2|0|0|0|2|2
728,,0|0|2|2|0|0|0|2|2
729,,0|0|2|2|0|0|0|2|2
730,,0|0|2|2|0|0|0|2|2
731,,0|0|0|0|0|0|0|2|2
732,,0|0|0|0|0|0|0|2|2
733,,0|0|0|0|0|0|0|2|2
734,,0|0|0|0|0|0|0|2|2
735,,0|0|0|0|0|0|0|2|2
736,,0|0|2|2|0|0|0|2|2
737,,0|0|2|2|0|0|0|2|2
738,,0|0|2|2|0|0|0|2|2
739,,0|0|0|0|0|0|0|2|2
740,,0|0|0|0|0|0|0|2|2
741,,0|0|0|0|0|0|0|2|2
742,,0|0|2|2|0|0|0|2|2
743,,0|0|2|2|0|0|0|2|2
744,,0|0|2|2|0|0|0|2|2
745,,0|0|2|2|0|0|0|2|2
746,,0|0|2|2|0|0|0|0|0
747,,0|0|2|2|0|0|0|2|2
748,,0|0|2|2|0|0|0|2|2
749,,0|0|2|2|0|0|0|2|2
750,,0|0|2|2|0|0|0|2|2
751,,0|0|2|2|0|0|0|2|2
752,,0|0|2|2|0|0|0|2|2
753,,0|0|2|2|0|0|0|2|2
754,,0|0|2|2|0|0|0|2|2
755,,0|0|2|2|0|0|0|0|0
756,,0|0|2|2|0|0|0|0|0
757,,0|0|2|2|0|0|0|2|2
758,,0|0|2|2|0|0|0|2|2
759,,0|0|2|2|0|0|0|0|0
760,,0|0|2|2|0|0|0|0|0
761,,0|0|2|2|0|0|0|2|2
762,,0|0|2|2|0|0|0|2|2
763,,0|0|2|2|0|0|0|2|2
764,,0|0|2|2|0|0|0|2|2
765,,0|0|2|2|0|0|0|2|1
766,,0|0|2|2|0|0|0|1|2
767,,0|0|2|2|0|0|0|0|0
768,,0|0|2|2|0|0|0|0|0
769,,0|0|2|2|0|0|0|2|2
770,,0|0|2|2|0|0|0|2|2
771,,0|0|2|2|0|0|0|0|0
772,,0|0|2|2|0|0|0|0|0
773,,0|0|2|2|0|0|0|0|0
774,,0|0|0|0|0|0|0|2|2
775,,0|0|0|0|0|0|0|2|2
776,,0|0|2|1|0|0|0|0|0
777,,0|0|2|2|0|0|0|0|0
778,,0|0|2|2|0|0|0|2|2
779,,0|0|0|0|0|0|0|2|2
780,,0|0|1|2|0|0|0|0|0
781,,0|0|2|2|0|0|0|0|0
782,,0|0|2|1|0|0|0|2|2
783,,0|0|2|1|0|0|0|2|2
784,,0|0|2|1|0|0|0|2|2
785,,0|0|2|2|0|0|0|0|0
786,,0|0|2|2|0|0|0|0|0
787,,0|0|2|2|0|0|0|0|0
788,,0|0|2|2|0|0|0|0|0
789,,0|0|2|2|0|0|0|1|1
790,,0|0|2|2|0|0|0|1|1
791,,0|0|2|1|0|0|0|2|1
792,,0|0|1|2|0|0|0|1|2
793,,0|0|2|2|0|0|0|0|0
794,,0|0|2|2|0|0|0|0|0
795,,0|0|2|2|0|0|0|0|0
796,,0|0|2|2|0|0|0|0|0
797,,0|0|2|2|0|0|0|0|0
798,,0|0|2|2|0|0|0|0|0
799,,0|0|2|2|0|0|0|0|0
800,,0|0|2|2|0|0|0|1|1
801,,0|0|1|1|0|0|0|1|1
802,,0|0|1|1|0|0|0|0|0
803,,0|0|2|2|0|0|0|0|0
804,,0|0|2|2|0|0|0|0|0
805,,0|0|2|2|0|0|0|0|0
806,,0|0|2|2|0|0|0|0|0
807,,0|0|1|1|0|0|0|0|0
808,,1|1|1|1|0|0|0|0|0
809,,1|1|1|1|0|0|0|0|0
810,,0|0|2|2|0|0|0|2|2
811,,0|0|2|2|0|0|0|2|2
812,,0|0|2|2|0|0|0|2|2
813,,0|0|2|2|0|0|0|2|2
814,,0|0|2|2|0|0|0|2|2
815,,0|0|2|2|0|0|0|2|2
816,,0|0|2|2|0|0|0|2|2
817,,0|0|2|2|0|0|0|2|2
818,,0|0|2|2|0|0|0|2|2
819,,0|0|2|2|0|0|0|2|2
820,,0|0|2|2|0|0|0|2|2
821,,0|0|2|2|0|0|0|2|2
822,,0|0|2|2|0|0|0|2|2
823,,0|0|2|2|0|0|0|2|2
824,,0|0|2|2|0|0|0|0|0
825,,0|0|2|2|0|0|0|0|0
826,,0|0|2|2|0|0|0|0|0
827,,0|0|2|2|0|0|0|0|0
828,,0|0|2|2|0|0|0|0|0
829,,0|0|2|2|0|0|0|0|0
830,,0|0|2|2|0|0|0|0|0
831,,0|0|2|2|0|0|0|0|0
832,,0|0|2|2|0|0|0|0|0
833,,0|0|2|2|0|0|0|2|2
834,,0|0|2|2|0|0|0|2|2
835,,0|0|2|2|0|0|0|0|0
836,,0|0|2|2|0|0|0|0|0
837,,0|0|2|2|0|0|0|2|2
838,,0|0|2|2|0|0|0|2|2
839,,0|0|2|2|0|0|0|2|2
840,,0|0|2|2|0|0|0|2|2
841,,0|0|2|1|0|0|0|2|2
842,,0|0|1|2|0|0|0|2|2
843,,0|0|2|2|0|0|0|2|2
844,,0|0|2|2|0|0|0|2|2
845,,0|0|2|2|0|0|0|2|1
846,,0|0|2|2|0|0|0|2|2
847,,0|0|2|2|0|0|0|2|2
848,,0|0|2|2|0|0|0|2|2
849,,0|0|2|2|0|0|0|2|2
850,,0|0|2|2|0|0|0|0|0
851,,0|0|2|2|0|0|0|0|0
852,,0|0|2|2|0|0|0|0|0
853,,0|0|2|2|0|0|0|0|0
854,,0|0|2|2|0|0|0|2|2
855,,0|0|2|2|0|0|0|2|2
856,,0|0|2|2|0|0|0|2|2
857,,0|0|2|2|0|0|0|2|2
858,,0|0|2|2|0|0|0|2|2
859,,0|0|2|2|0|0|0|2|2
860,,0|0|2|2|0|0|0|2|2
861,,0|0|2|2|0|0|0|2|2
862,,0|0|2|2|0|0|0|0|0
863,,0|0|2|2|0|0|0|2|2
864,,0|0|1|2|0|0|0|0|0
865,,0|0|2|1|0|0|0|0|0
866,,0|0|2|2|0|0|0|0|0
867,,0|0|2|2|0|0|0|0|0
868,,0|0|2|2|0|0|0|2|2
869,,0|0|2|2|0|0|0|2|2
870,,0|0|2|2|0|0|0|2|2
871,,0|0|2|2|0|0|0|2|2
872,,0|0|2|2|0|0|0|2|2
873,,0|0|2|2|0|0|0|2|2
874,,0|0|2|1|0|0|0|2|1
875,,0|0|1|2|0|0|0|1|2
876,,0|0|2|2|0|0|0|2|2
877,,0|0|2|2|0|0|0|1|2
878,,0|0|2|2|0|0|0|2|2
879,,0|0|2|2|0|0|0|2|2
880,,0|0|2|2|0|0|0|0|0
881,,0|0|2|2|0|0|0|0|0
882,,0|0|2|2|0|0|0|0|0
883,,0|0|2|2|0|0|0|0|0
884,,0|0|2|2|0|0|0|2|2
885,,0|0|2|2|0|0|0|1|2
886,,0|0|2|2|0|0|0|1|2
887,,0|0|2|2|0|0|0|1|2
888,,0|0|2|1|0|0|0|1|1
889,,0|0|1|2|0|0|0|1|1
890,,0|0|2|2|0|0|0|1|1
891,,0|0|2|2|0|0|0|2|2
892,,0|0|2|2|0|0|0|2|2
893,,0|0|1|1|0|0|0|1|1
894,,0|0|2|2|0|0|0|1|1
895,,0|0|2|2|0|0|0|1|1
896,,0|0|2|2|0|0|0|2|1
897,,0|0|2|2|0|0|0|1|2
898,,0|0|2|2|0|0|0|1|1
899,,0|0|0|0|0|0|2|1|1
900,,0|0|0|0|0|0|2|2|2
901,,0|0|0|0|0|0|2|2|2
902,,0|0|0|0|0|0|2|2|2
903,,0|0|0|0|0|0|2|1|1
904,,0|0|0|0|0|0|2|2|2
905,,0|0|0|0|0|0|2|1|1
906,,0|0|0|0|0|0|0|2|2
907,,0|0|0|0|0|0|0|2|2
908,,0|0|0|0|0|0|0|2|2
909,,0|0|0|0|0|0|0|2|2
910,,0|0|0|0|0|0|0|2|2
911,,0|0|0|0|0|0|0|2|2
912,,0|0|0|0|0|0|0|2|2
913,,0|0|0|0|0|0|0|2|2
914,,0|0|0|0|0|0|0|2|2
915,,0|0|0|0|0|0|0|2|2
916,,0|0|0|0|0|0|0|2|2
917,,0|0|0|0|0|0|0|2|2
918,,0|0|0|0|0|0|0|2|2
919,,0|0|0|0|0|0|0|2|2
920,,0|0|0|0|0|0|0|2|2
921,,0|0|0|0|0|0|0|2|2
922,,0|0|0|0|0|0|0|2|2
923,,0|0|0|0|0|0|0|2|2
924,,0|0|0|0|0|0|0|2|2
925,,0|0|0|0|0|0|0|2|2
926,,0|0|0|0|0|0|0|2|2
927,,0|0|0|0|0|0|0|2|2
928,,0|0|0|0|0|0|0|2|2
929,,0|0|0|0|0|0|0|2|2
930,,0|0|0|0|0|0|0|2|2
931,,0|0|0|0|0|0|0|2|2
932,,0|0|0|0|0|0|0|2|2
933,,0|0|0|0|0|0|0|2|2
934,,0|0|0|0|0|0|0|2|2
935,,0|0|0|0|0|0|0|2|2
936,,0|0|0|0|0|0|0|2|1
937,,0|0|0|0|0|0|0|1|2
938,,0|0|0|0|0|0|0|2|2
939,,0|0|0|0|0|0|0|2|2
940,,0|0|0|0|0|0|0|2|2
941,,0|0|0|0|0|0|0|2|2
942,,0|0|0|0|0|0|0|2|2
943,,0|0|0|0|0|0|0|2|2
944,,0|0|0|0|0|0|0|2|2
945,,0|0|0|0|0|0|0|2|2
946,,0|0|0|0|0|0|0|2|2
947,,0|0|0|0|0|0|0|2|2
948,,0|0|0|0|0|0|0|2|2
949,,0|0|0|0|0|0|0|2|2
950,,0|0|0|0|0|0|0|2|2
951,,0|0|0|0|0|0|0|2|2
952,,0|0|0|0|0|0|0|2|2
953,,0|0|0|0|0|0|0|2|2
954,,0|0|0|0|0|0|0|2|2
955,,0|0|0|0|0|0|0|2|2
956,,0|0|0|0|0|0|0|2|2
957,,0|0|0|0|0|0|0|2|2
958,,0|0|0|0|0|0|0|2|2
959,,0|0|0|0|0|0|0|2|2
960,,0|0|0|0|0|0|0|2|2
961,,0|0|0|0|0|0|0|2|2
962,,0|0|0|0|0|0|0|2|2
963,,0|0|0|0|0|0|0|2|2
964,,0|0|0|0|0|0|0|2|2
965,,0|0|0|0|0|0|0|2|2
966,,0|0|0|0|0|0|0|2|2
967,,0|0|0|0|0|0|0|2|2
968,,0|0|0|0|0|0|0|2|2
969,,0|0|0|0|0|0|0|2|2
970,,0|0|0|0|0|0|0|2|2
971,,0|0|0|0|0|0|0|2|2
972,,0|0|0|0|0|0|0|2|2
973,,0|0|0|0|0|0|0|2|2
974,,0|0|0|0|0|0|0|2|2
975,,0|0|0|0|0|0|0|2|2
976,,0|0|0|0|0|0|0|2|2
977,,0|0|0|0|0|0|0|2|2
978,,0|0|0|0|0|0|0|2|2
979,,0|0|0|0|0|0|0|2|2
980,,0|0|0|0|0|0|0|2|2
981,,0|0|0|0|0|0|0|2|2
982,,0|0|0|0|0|0|0|2|2
983,,0|0|0|0|0|0|0|2|2
984,,0|0|0|0|0|0|0|2|1
985,,0|0|0|0|0|0|0|2|1
986,,0|0|0|0|0|0|0|2|1
987,,0|0|0|0|0|0|0|2|1
988,,0|0|0|0|0|0|0|2|1
989,,0|0|0|0|0|0|0|2|1
990,,0|0|0|0|0|0|0|1|2
991,,0|0|0|0|0|0|0|1|2
992,,0|0|0|0|0|0|0|1|2
993,,0|0|0|0|0|0|0|1|2
994,,0|0|0|0|0|0|0|1|2
995,,0|0|0|0|0|0|0|1|2
996,,0|0|0|0|0|0|0|2|2
997,,0|0|0|0|0|0|0|2|2
998,,0|0|0|0|0|0|0|2|2
999,,0|0|0|0|0|0|0|2|2
1000,,0|0|0|0|0|0|0|2|2
1001,,0|0|0|0|0|0|0|2|2
1002,,0|0|0|0|0|0|0|2|2
1003,,0|0|0|0|0|0|0|2|2
1004,,0|0|0|0|0|0|0|2|2
1005,,0|0|0|0|0|0|0|2|1
1006,,0|0|0|0|0|0|0|1|2
1007,,0|0|0|0|0|0|0|2|1
1008,,0|0|0|0|0|0|0|1|2
1009,,0|0|0|0|0|0|0|1|1
1010,,0|0|0|0|0|0|0|1|1
1011,,0|0|0|0|0|0|0|2|2
1012,,0|0|0|0|0|0|0|2|2
1013,,0|0|0|0|0|0|0|2|2
1014,,0|0|0|0|0|0|0|2|2
1015,,0|0|0|0|0|0|0|2|2
1016,,0|0|0|0|0|0|0|2|2
1017,,0|0|0|0|0|0|0|2|2
1018,,0|0|0|0|0|0|0|2|2
1019,,0|0|0|0|0|0|0|2|2
1020,,0|0|0|0|0|0|0|2|1
1021,,0|0|0|0|0|0|0|2|1
1022,,0|0|0|0|0|0|0|1|2
1023,,0|0|0|0|0|0|0|1|2
1024,,0|0|0|0|0|0|0|2|2
1025,,0|0|0|0|0|0|0|1|1
